title_bg,title_bg.webp
萝乐娜的工房,亚兰德的工房.webp
贵族宅邸,王宫走廊.webp
亚斯特丽德的工房,亚兰德的工房.webp
暗之公会,暗之公会.webp
广场,广场.webp
工匠大道～工房前～,工匠大道～工房前～.webp
王宫柜台,王宫柜台.webp
城门前,城门前.webp
男子汉武器店,男子汉武器店.webp
葛哈酒吧,葛哈酒吧.webp
海胆森林,野外.webp
旅人街道,野外.webp
旧街道,野外.webp
黄金平原,野外.webp
海涛山道,野外.webp
野外,野外.webp
某个渔村,阿拉尼亚村.webp
民宅,阿拉尼亚村的工房.webp
阿拉尼亚村,阿拉尼亚村.webp
王宫走廊,王宫走廊.webp
大臣书房,大臣书房.webp
日出食堂,日出食堂.webp
日出食堂_吧台,日出食堂.png
罗与蒂华的杂货店,罗与蒂华的杂货店.webp
帕梅拉的店,帕梅拉的店.webp
坦特里斯初登场,坦特里斯初登场.webp
新的招牌,新的招牌.webp
里欧涅菈街头表演,里欧涅菈街头表演.png
钓到了萝乐娜,钓到了萝乐娜.png
库蝶莉娅定情信物,库蝶莉娅定情信物.webp
行脚商人,广场.webp
吉欧斩狮鹫,吉欧斩狮鹫.png
国庆节热闹非凡,国庆节热闹非凡.png
手柄键位图,手柄键位图.png