番号,9,
名前,ジオ,
呼び名,ジオ,
あだ名,ジオ

基礎,体力,2000
基礎,気力,2000
基礎,欲情,10000
基礎,潤滑,10000

素質,オトコ

素質,活発,3
素質,大胆,3
素質,気丈,3
素質,解放,3
素質,ふしだら,3
素質,享楽的,3
素質,奔放,3
素質,わがまま,3

素質,魅力,1
素質,丈夫,2
素質,聡明,2

素質,手技の才,1
素質,口技の才,1
素質,性交の才,1

フラグ,ユニーク
フラグ,人間
フラグ,関係難度,70
フラグ,依頼料,200

CSTR,所在地,アーランド

CSTR,性格,豪放磊落
CSTR,髪色,黒
CSTR,髪型,短髪
CSTR,瞳,ブラウン
CSTR,肌,黄
CSTR,胸,普通
CSTR,身長,人並み
CSTR,体型,スタイリッシュ

CSTR,習得済みコマンド,クンニ_貝合わせ_乳首責め_胸愛撫_後背位_対面座位_背面座位_騎乗位_アナル舐め_アナル愛撫_アナルセックス
CSTR,採集テーブル,モンスター素材_燃料_宝石類
CSTR,不得意採集テーブル,食材・野菜_食材・肉_きのこ_調味料_液体
CSTR,キャラクター解説,ジオ　46歳_自称楽隠居のご老人。_実年齢よりも若く見え、_顔立ちや言動からは育ちの良さを感じさせる。_世間とは少しずれた感覚の持ち主のようで、_こうと決めたらひらすら頑固な一面も__