番号,3,
名前,ホムちゃん,
呼び名,ホムちゃん,
あだ名,ホムちゃん
基礎,体力,1200
基礎,気力,1800
基礎,欲情,10000
基礎,潤滑,10000

素質,処女
素質,貧乳
素質,小柄,1

素質,素直,3
素質,大人しい,1
素質,好奇心,1
素質,無感動,3
素質,献身的,3
素質,自制的,3
素質,器用,3
素質,聡明,2

素質,汚れ無視,1
素質,忠実,3

フラグ,ユニーク
フラグ,人間
フラグ,交友値,30
フラグ,技能値,30
フラグ,関係難度,0

CSTR,所在地,アトリエ
CSTR,所持スキル,ホムサポート♀/ホムサーチ♀
CSTR,習得済みコマンド,クンニ_貝合わせ_乳首責め_騎乗位_アナル愛撫

CSTR,性格,感情希薄
CSTR,髪色,銀
CSTR,髪型,シニョン
CSTR,瞳,レッド
CSTR,肌,白
CSTR,胸,貧しい
CSTR,身長,低い
CSTR,体型,華奢

CSTR,キャラクター解説,ホムちゃん　0歳_アストリッドが作り出したホムンクルスの少女。_錬金術に関しては詳しいが、_生まれたてなので世間知らずなところも。_ちなみにフリフリの服装はアストリッドの趣味によるもの。