番号,2,
名前,ホムくん,
呼び名,ホムくん,
あだ名,ホムくん
基礎,体力,2000
基礎,気力,1000
基礎,欲情,10000
基礎,潤滑,10000

素質,オトコ

素質,素直,3
素質,大人しい,1
素質,好奇心,1
素質,無感動,3
素質,献身的,3
素質,自制的,3
素質,小柄,1
素質,器用,3
素質,聡明,2

素質,汚れ無視,1
素質,忠実,3

フラグ,ユニーク
フラグ,人間
フラグ,交友値,30
フラグ,技能値,30
フラグ,関係難度,0

CSTR,所在地,アトリエ
CSTR,所持スキル,ホムサポート♂/ホムサーチ♂
CSTR,習得済みコマンド,クンニ_乳首責め_後背位_騎乗位_アナル舐め_アナル愛撫_アナルセックス

CSTR,性格,感情希薄
CSTR,髪色,銀
CSTR,髪型,ショート・外ハネ
CSTR,瞳,レッド
CSTR,肌,白
CSTR,胸,普通
CSTR,身長,低い
CSTR,体型,華奢

CSTR,キャラクター解説,ホムくん　0歳_アストリッドが作り出したホムンクルスの男の子。_ロロナが頼めば何でも手伝ってくれる。_普段は無表情で感情も見せないが、_全然手伝いを頼まないと拗ねてしまうことも。