番号,8,
名前,坦特里斯,
呼び名,坦特里斯,
あだ名,坦特里斯

基礎,体力,1600
基礎,气力,1200
基礎,欲情,10000
基礎,润滑,10000

素質,男性

;外面の演技度が高くて、実際は常識人なのとあわせてこんな感じに
素質,老实,1
素質,放荡,2
素質,保守的,1
素質,胆小,1
素質,解放,3
素質,献身的,3
素質,容易寂寞,1
素質,专一,1
素質,享乐主义,3

素質,小恶魔,3
素質,魅力,1

素質,擅长手活,3

フラグ,独特
フラグ,人类
フラグ,关系难度,30
フラグ,委托费用,50

CSTR,所在地,亚兰德
CSTR,拥有技能,旅人的独到眼光
CSTR,已习得的指令,舔阴_深吻_玩弄乳头_胸爱抚_后背位_对面座位_背面座位_骑乘位_舔肛_肛爱抚_肛交
CSTR,采集表,万灵药_神秘之力_药品材料
CSTR,不擅长采集表,怪物素材_矿石类_食材：肉
CSTR,兴趣话题,恋爱_时尚_八卦_谋略
CSTR,厌恶话题,工作_家人

CSTR,性格,洒脱
CSTR,发色,黑色
CSTR,发型,长发
CSTR,瞳,棕色瞳
CSTR,肤色,白
CSTR,胸,普通
CSTR,身高,常人
CSTR,体型,瘦削

CSTR,角色解说,坦特里斯　19岁_随心所欲持续旅行的吟游诗人。_出生于亚兰德_此次是时隔多年重返故乡。_一见面就向萝乐娜示爱，_言行古怪，_是个充满谜团的人物。
