位置编号,位置名称,所属地图,产物1,出现率1,最低1,最高1,产物2,出现率2,最低2,最高2,产物3,出现率3,最低3,最高3,产物4,出现率4,最低4,最高4,产物5,出现率5,最低5,最高5,产物6,出现率6,最低6,最高6,无产物率,稀有1,稀有2,出现率和
0,黄昏宝座,夜之领域地图,黑之魔石,30,80,100,黑暗水滴,30,80,100,发光的圆盘,30,80,100,,,,,,,,,,,,,10,湛蓝色的翅膀,,100
1,古人的圣域,圣域地图,可燃之砂,25,80,100,熔岩石,10,60,80,树冰石,25,80,100,钢铁矿,20,80,100,,,,,,,,,20,,,100
2,约定遗迹,北方遗迹地图,可燃之砂,40,60,80,钢铁矿,40,40,60,,,,,,,,,,,,,,,,,20,,,100
3,夜之领域,夜之领域地图,暗夜贵妇人,30,70,90,黑之魔石,20,60,80,黑暗水滴,20,60,80,幽明石,20,50,100,,,,,,,,,10,,,100
4,月光森林,圣域地图,世界树树枝,30,60,80,药泉的泉水,20,60,60,森林甘露,30,80,100,,,,,,,,,,,,,10,月光花,,90
5,奇迹之森,黑色森林地图,一夜花,10,40,100,蓝果实,15,80,100,红果实,15,80,100,,,,,,,,,,,,,10,,,50
6,黑色大树之森,黑色森林地图,暗夜贵妇人,25,40,70,佐尼果,25,40,70,梦想的王冠,25,60,100,风茄的根,15,70,90,,,,,,,,,10,妖精的世界树,,100
7,地下墓穴,地下墓穴地图,橡树菇,30,80,100,被遗忘的兽骨,30,60,80,鬼屋,20,40,60,梨形宝石,10,1,50,,,,,,,,,10,,,100
8,海望之丘,新天地地图,岛琥珀,35,80,100,不知名的蛋,35,80,100,起泡水,15,80,100,,,,,,,,,,,,,15,,,100
9,雾之废墟,北方遗迹地图,针木果实,40,80,100,芬芳虫,40,80,100,熔岩石,10,40,60,,,,,,,,,,,,,10,,,100
0A,果树园,果树园地图,森林卷心菜,25,50,80,沙瓦金苹果,25,60,80,清新薄荷,25,40,60,蓝果实,15,20,50,,,,,,,,,10,佐尼果,,100
0B,遮阳路,果树园地图,云棉花,20,50,70,橡树菇,25,40,80,噗尼噗尼珠,10,40,60,强韧藤蔓,15,40,60,水,20,55,55,,,,,10,,,100
0C,朝雾河,迷雾之湖周边地图,岛琥珀,30,40,60,沙瓦金苹果,30,40,60,森葵,15,40,60,,,,,,,,,,,,,25,,,100
0D,流浪者墓园,北方遗迹地图,被遗忘的兽骨,30,80,100,梨形宝石,30,40,60,石蘑菇,20,60,80,,,,,,,,,,,,,10,,,90
0E,古老修道院,古老修道院地图,蛇的毒囊,20,60,80,地球仪的珠子,20,80,100,梨形宝石,20,70,90,锁链蜘蛛的巢,20,60,80,,,,,,,,,20,,,100
0F,通往神殿的地下道,古老修道院地图,恩惠之石,40,60,80,费斯特石,40,80,100,,,,,,,,,,,,,,,,,20,,,100
10,旅人街道,亚兰德周边地图,盖土菇,20,20,50,蒸馏石,15,20,40,紫葡萄,15,20,40,水,25,40,40,飞鹰的尾羽,15,5,30,,,,,10,独角兽的角,,100
11,迷雾之湖湖畔,迷雾之湖周边地图,硬螺贝,20,40,60,起泡水,20,40,60,美丽贝壳,20,40,60,人鱼之泪,20,40,60,,,,,,,,,10,,,90
12,古树之地,新天地地图,青竹,20,80,100,世界树树枝,20,40,60,药泉的泉水,20,80,100,,,,,,,,,,,,,10,,,70
13,被遗忘的村落,被遗忘的道路地图,宁静花,20,80,100,清新薄荷,20,80,100,肥料,20,80,100,芬芳虫,10,40,60,水,10,80,80,软毛,10,40,60,10,,,100
14,新月森林,尽头地图,贤者的香草,20,40,50,迷幻菇的孢子,30,60,80,世界灵魂,20,40,60,发光的圆盘,20,40,60,,,,,,,,,10,,,100
15,龙的沉眠之地,星之高地地图,,,,,,,,,,,,,,,,,,,,,,,,,,,,
16,星之高地,星之高地地图,飞鹰的尾羽,25,60,80,黑阳矿,15,40,60,重力石,15,40,80,震动结晶,25,40,80,,,,,,,,,20,龙角,龙鳞片,100
17,奥尔托加方舟城,,,,,,,,,,,,,,,,,,,,,,,,,,,,,
18,奥尔托加遗迹,奥尔托加遗迹地图,带骨兽肉,25,20,50,飞鹰的尾羽,25,25,45,碎石,20,1,60,不知名的蛋,10,30,60,弹跳石,10,20,50,,,,,10,,,100
19,遗迹附近的森林,奥尔托加遗迹地图,三色莓果,20,30,60,钴蓝莓,30,20,60,费斯特石,20,10,40,燃素,20,10,40,,,,,,,,,10,,,100
1A,亚兰德,亚兰德周边地图,,,,,,,,,,,,,,,,,,,,,,,,,,,,
1B,附近的森林,亚兰德周边地图,森林卷心菜,25,30,60,橡树菇,20,20,50,橡木,20,10,40,魔法草,15,20,40,风茄的根,15,15,45,,,,,10,,,105
1C,海胆森林,亚兰德周边地图,海胆,30,40,60,蜂巢,20,30,50,噗尼噗尼珠,15,10,40,针木果实,20,20,50,,,,,,,,,10,,,95
1D,漫天热沙原野,荒野地图,不知名的蛋,20,20,40,费斯特石,30,40,60,燃素,30,30,50,,,,,,,,,,,,,20,,,100
1E,变异森林,尽头地图,盖土菇,50,80,100,贤者的香草,20,60,80,鬼屋,20,80,100,,,,,,,,,,,,,10,药虫的丝,,100
1F,静谧林道,被遗忘的道路地图,焦油果实,30,60,80,锁链蜘蛛的巢,30,80,100,森葵,15,80,100,黑铁树,15,40,60,,,,,,,,,10,,,100
20,负之空洞,亚兰德国有矿山地图,神秘宝石的原石,25,60,100,重力石,25,80,100,黑阳矿,25,60,80,,,,,,,,,,,,,25,,,100
21,亚兰德国有矿山,亚兰德国有矿山地图,树冰石,15,20,40,史提姆钢石,20,40,60,萤火草,15,20,60,燃素,20,40,70,岩盐,10,20,50,不知名的蛋,10,40,60,10,钢铁矿,黑阳矿,100
22,旧街道,旧街道地图,震动结晶,20,40,60,云棉花,20,40,60,药木的树根,20,40,60,小麦,30,40,60,,,,,,,,,10,,,100
23,灼热荒野,荒野地图,活着的仙人掌,15,40,60,被遗忘的兽骨,30,40,60,石化蜥蜴,15,40,60,碧蓝星砂,20,40,60,,,,,,,,,20,巨兽的心脏,,100
24,弃世者之家,尽头地图,焦油果实,25,80,100,臭气石,25,80,100,湖底的沉积物,25,80,100,,,,,,,,,,,,,25,,,100
25,猎人之森,西部森林地带地图,焦油果实,35,40,60,蜂巢,20,70,90,锁链蜘蛛的巢,25,40,60,,,,,,,,,,,,,20,金刚檀,,100
26,沉眠神木森,西部森林地带地图,青竹,30,40,60,熏木的树皮,30,40,60,药泉的泉水,20,40,60,金刚檀,10,40,60,,,,,,,,,10,,,100
27,石之丘陵,西部森林地带地图,带骨兽肉,20,80,100,星之碎片,20,60,80,震动结晶,20,60,80,史提姆钢石,20,60,80,重力石,10,40,60,,,,,10,,,100
28,针木果实林,阿拉尼亚村周边地图,针木果实,20,50,80,蜂巢,20,50,70,橡木,20,40,60,,,,,,,,,,,,,10,,,70
29,自然庭园,阿拉尼亚村周边地图,蓝果实,35,30,80,红果实,35,30,80,紫葡萄,25,30,80,,,,,,,,,,,,,5,药泉的泉水,,100
2A,黄金平原,黄金平原地图,蓝果实,15,50,60,红果实,15,50,60,紫葡萄,15,50,60,小麦,20,40,60,可燃之砂,10,40,60,萝卜,15,40,60,10,,,100
2B,埋没遗迹,黄金平原地图,弹跳石,30,40,60,恩惠之石,30,40,60,燃素,20,40,60,,,,,,,,,,,,,20,,,100
2C,绝望岭,旧街道地图,蒸馏石,25,40,60,臭气石,20,40,60,碧蓝星砂,15,10,40,石蘑菇,15,40,60,带骨兽肉,10,50,80,,,,,15,,,100
2D,龙的坟场,龙的坟场地图,蛇的毒囊,15,40,60,石化蜥蜴,30,60,80,被遗忘的兽骨,15,40,60,碎石,20,40,60,,,,,,,,,20,,,100
2E,几近消失的路,西部遗迹地图,魔法草,35,60,80,强韧藤蔓,35,60,80,,,,,,,,,,,,,,,,,10,,,80
2F,干枯之海,干枯之海地图,岩盐,50,70,90,美丽贝壳,30,60,80,,,,,,,,,,,,,,,,,20,,,100
30,妖精的舞台,西部遗迹地图,盖土菇,40,50,80,迷幻菇的孢子,50,40,60,,,,,,,,,,,,,,,,,10,,,100
31,西方平原,阿拉尼亚村周边地图,魔法草,45,40,60,宁静花,45,30,50,,,,,,,,,,,,,,,,,10,,,100
32,阿拉尼亚村,阿拉尼亚村周边地图,,,,,,,,,,,,,,,,,,,,,,,,,,,,
33,海涛山道,大陆海岸线地图,不知名的蛋,25,60,80,岩盐,35,50,70,蒸馏石,35,60,80,,,,,,,,,,,,,10,,,105
34,药草原野,大陆海岸线地图,药木的树根,45,60,80,风茄的根,45,45,60,,,,,,,,,,,,,,,,,10,,,100
35,水晶洞穴,大陆海岸线地图,弹跳石,20,60,80,星之碎片,30,40,60,神秘宝石的原石,25,40,80,树冰石,25,60,80,钢铁矿,20,60,80,,,,,10,熔岩石,,130
36,魔石巢穴,魔窟地图,萤火草,15,80,100,恩惠之石,20,80,100,黑之魔石,25,40,60,星之碎片,30,40,60,,,,,,,,,10,彩虹碎片,,100
37,采石场遗迹,干枯之海地图,费斯特石,45,60,80,树冰石,45,40,60,,,,,,,,,,,,,,,,,10,,,100
38,山上的洞窟,南半岛地图,萤火草,15,60,80,臭气石,25,60,80,神秘宝石的原石,25,20,60,史提姆钢石,25,80,100,,,,,,,,,10,,,100
39,芬芳草原,南半岛地图,魔法草,35,80,100,宁静花,25,50,80,清新薄荷,25,60,80,,,,,,,,,,,,,15,,,100
3A,败者的聚落,西部遗迹地图,小麦,35,60,80,强韧藤蔓,35,80,100,快乐阳伞,20,40,60,,,,,,,,,,,,,10,,,100
3B,结晶之地,魔窟地图,震动结晶,35,80,100,重力石,35,60,80,黑阳矿,20,60,80,,,,,,,,,,,,,10,,,100
3C,玉石遗迹,乐园地图,燃素,30,80,100,弹跳石,30,80,100,幽明石,25,1,50,,,,,,,,,,,,,15,,,100
3D,滚滚山丘,乐园地图,贤者的香草,30,80,100,噗尼噗尼珠,30,80,100,星之碎片,30,80,100,,,,,,,,,,,,,10,彩虹碎片,,100
