编号,名称,类别1,类别值1,类别2,类别值2,类别3,类别值3,类别4,类别值4,类别5,类别值5,LV,价格,描述,短描述,特性
1,魔法草,中和剂,50,植物类,20,药品材料,15,,,,,1,3,一般的野草。叶片含有微量的魔力，故生命力很强。/在环境差的地方也能繁殖。/价格也平易近人，能作为纸的原料或炼金术的实验素材，用途非常广泛。,,
2,针木果实,中和剂,50,植物类,40,,,,,,,1,2,,,
3,宁静花,中和剂,50,植物类,25,药品材料,35,香料,30,,,2,4,含有轻微催眠成分的花。/闻到花香后能渐渐放松。/虽然没有毒性，但一次吸入过多，会让人干劲全失，要特别小心。,,"GET_NO(""特性"", ""宁静香气"")"
4,萤火草,中和剂,50,植物类,30,毒性材料,20,火药,30,,,3,8,散发着幻想般微微白光的植物。/生命力很脆弱，只会在水和空气清净的地方开花。/近年来，在已工业化的亚兰德附近一带很难有机会看到。,,
5,焦油果实,中和剂,50,火药,60,燃料,60,植物类,35,,,5,20,,,
6,药木的树根,中和剂,50,药品材料,55,植物类,45,神秘之力,20,,,4,18,,,
7,强韧藤蔓,中和剂,50,植物类,60,丝线素材,70,,,,,6,40,,,
8,活着的仙人掌,中和剂,50,植物类,60,万灵药,20,,,,,6,26,长着两只手，外表就像怪物的仙人掌。/但其实只是再普通不过的植物。/既不会随意走动，也不会讲话或发出声音。,,
9,清新薄荷,中和剂,50,植物类,70,香料,60,,,,,8,14,,,
10,暗夜贵妇人,中和剂,50,植物类,65,毒性材料,80,丝线素材,80,,,9,51,,,
11,贤者的香草,中和剂,50,植物类,90,药品材料,90,万灵药,70,香料,80,9,76,,,
12,一夜花,中和剂,50,植物类,100,神秘之力,90,怪物素材,100,,,10,130,,,
21,蜂巢,中和剂,50,食材：蔬菜,0,火药,10,,,,,1,2,含有丰富蜂蜜的蜜蜂蜂巢。/直接大口咬碎来吃是行家的吃法。/特别是带有蜂蛹的蜂巢，吃起来弹牙的口感似乎也是好吃的不得了。,,
22,小麦,中和剂,50,植物类,10,食材：蔬菜,10,,,,,3,6,,,
23,森林卷心菜,中和剂,50,植物类,20,药品材料,10,食材：蔬菜,20,,,1,2,亚兰德的特产。由于就算放置不管，也会有如杂草一样生长。/因此没必要特地去栽培。/处于嫩芽之时有很强的甜味，因此除了料理外，也能用在制作甜点上。,,
24,萝卜,中和剂,50,调味料,15,食材：蔬菜,20,,,,,1,3,,,
25,红果实,中和剂,50,食材：蔬菜,30,植物类,30,调味料,35,,,2,10,清爽微酸的红色树木果实。/还未成熟的果实色泽鲜艳，而颜色越黑越浊，/也就是外表越不美观，味道反倒越美味。,,
26,蓝果实,中和剂,50,植物类,5,食材：蔬菜,40,调味料,10,,,2,12,成串的蓝色水果。剥皮后里头的果肉也是蓝色的。/外表看起来让人不是很有食欲，但其实很甜很好吃。/很常用在甜点，跟馅饼的契合度绝佳。,,
27,钴蓝莓,中和剂,50,食材：蔬菜,50,植物类,25,,,,,3,16,让人觉得好像有毒的蓝色水果。/剥掉外皮后，果肉看起来的颜色又更有毒。/只要能忍受那样的外观吃下，就能吃到非常香甜可口的味道，/但是嘴巴里会整个变成很惊人的蓝色。,,
28,三色莓果,中和剂,50,食材：蔬菜,60,植物类,25,,,,,5,22,一串结有三色果实的水果。/由于一次可以品尝到三种味道，让人有种很划算的感觉。/不知为何只能生长在奥尔托加遗迹附近，即使想在其他地方种植，最后必定都会失败。,,
29,紫葡萄,中和剂,50,调味料,15,食材：蔬菜,70,植物类,50,,,4,18,前端尖尖的，形状怪异的葡萄。/皮厚果肉少，但其实皮的部分较为香甜可口。/因此，摘下后用水稍微洗干净，连皮一口咬下，才是正确又美味的吃法。,,
30,沙瓦金苹果,中和剂,50,食材：蔬菜,80,植物类,40,,,,,6,21,有着漂亮金黄色的苹果。/生吃它，会吃到一种让人留下心灵创伤的酸味。/为此，虽然一般没广为流传，/但适当地加热它，就会产生一股受大人喜爱的微苦甜味。,,
31,佐尼果,中和剂,50,调味料,70,食材：蔬菜,90,植物类,45,,,8,65,,,
32,五谷麦,中和剂,50,食材：蔬菜,100,,,,,,,10,81,,,
41,盖土菇,中和剂,50,食材：蔬菜,20,菌菇,0,植物类,0,,,2,4,群升于树木根部的菌菇。/它生长在土里，具有当动物等从上放经过时，突然从土里钻出惊吓对方的性质。/采集时必须注意别因一时疏忽，而不小心跌倒。,在土地中成长，具有上方有生物通过时突然从土里钻出的性质。,
42,橡树菇,中和剂,50,调味料,40,菌菇,10,,,,,1,8,还算是遍地生长的菌菇。/城镇外就不用说，也能在稍微肮脏的房间橱柜里见到。/茎的部分纤维很粗，因此不太适合拿来食用。,随处可见的蘑菇。不太适合食用。,
43,石蘑菇,中和剂,50,菌菇,30,矿石类,20,,,,,3,12,长在坚硬岩石缝隙中健壮菌菇。/身为菌菇，却也带有矿石的性质。/表面实在是很硬，不适合作为食用。/其实这根本是岩石吧？,,
44,森葵,中和剂,50,菌菇,50,药品材料,30,食材：肉,35,,,5,16,由于伞的形状很像海葵而得名。是货真价实的菌菇。/肉很厚，拿来炒或是直接用炭火烧烤都很好吃。/也含有药用成分。,,
45,鬼屋,中和剂,50,菌菇,60,,,,,,,6,55,酝酿出诡异氛围的菌菇，会有这种名称也不奇怪。/现在感觉也像是快枯萎似的，但这是正常的状态。/虽然也不能说不神秘感啦。果然能作为毒性材料。,,
46,快乐阳伞,中和剂,50,菌菇,80,木材,60,,,,,8,72,在菇伞部分有着红色的渐层加上如白云图案的有趣蘑菇。/一旦发现它，就会感到有些开心。/纤维很硬，常作为木材使用。,,
47,梦想的王冠,中和剂,50,菌菇,100,植物类,80,宝石类,75,,,10,125,,,
61,橡木,中和剂,50,植物类,40,木材,20,,,,,2,5,非常优秀的木材，集便宜，轻巧又容易加工这三项优点于一身。/亚兰德的木造建筑有八成都是使用橡木建成。/唯一的缺点是外观寒酸，没有高级感。,,
62,青竹,中和剂,50,木材,25,,,,,,,5,21,漂洋过海而来，不知不觉间扎根于此的异国植物。/在这里是非常稀有的。/拥有坚硬的筒状树干，削尖前端能当武器，还能作为水瓶使用。,,
63,黑铁树,中和剂,50,木材,40,矿石类,50,,,,,6,25,像矿石一样坚硬的木头。当然可以作为木材使用，/但其成分跟外表，基本上就跟铁差不多。/由于他稍微带黑色光泽，故看起来感觉比铁还强韧。/相当重，也能靠这个来钉钉子。,,
64,世界树树枝,中和剂,50,木材,70,神秘之力,75,,,,,8,40,有着复数种类植物叶子的树枝。/由于感觉跟神话中所描绘的世界树有点像，就这样称呼它。/光是树枝生命力就很强大，即使不浇水也没问题。,,
65,金刚檀,中和剂,50,木材,80,宝石类,60,,,,,9,72,洁白又具有金属性质的矮木。/经研磨并加以调合后，便能够成为宝石。常生长在山林里。主要用在手环或表的装饰上。/至于为何会叫做金刚，则是一团迷。,,
66,妖精的世界树,中和剂,50,木材,100,神秘之力,80,,,,,10,133,尽管高度只有20厘米左右，却营造出大树般的宏伟气氛，感觉很自大的植物。/在自然界中长大，/却不输给一流盆栽的端正姿态。,,
81,恩惠之石,中和剂,50,药品材料,20,宝石类,40,矿石类,25,,,4,21,天然药用成分凝结而成的结晶。/有糖果般的硬度，/老练的冒险者会直接一口咬下，以维持身体健康。/初学者若轻易效仿的话，肯定会闹肚子。,,
82,被遗忘的兽骨,中和剂,50,药品材料,50,万灵药,40,,,,,5,32,名字取的很诗意的动物的骨头。/虽然说不知道是什么骨头，/但拜名字所赐，会让人感到非常哀伤。/骨头会依部位而有所差异，/但基本上每个都很轻且坚硬。,,
83,岛琥珀,中和剂,50,药品材料,65,万灵药,30,宝石类,50,怪物素材,50,6,20,,,
84,独角兽的角,药品材料,60,万灵药,50,中和剂,50,怪物素材,60,,,8,27,,,"PROPERTY_TALENT_START() + GETNUM(TALENT, ""处女"")"
85,巨兽的心脏,中和剂,50,药品材料,75,万灵药,60,食材：肉,90,怪物素材,80,8,32,,,
86,药泉的泉水,中和剂,50,液体,60,药品材料,80,香料,50,,,8,56,,,
87,龙角,中和剂,50,矿石类,85,万灵药,90,药品材料,85,怪物素材,100,9,60,,,
88,月光花,中和剂,50,药品材料,90,植物,90,,,,,10,110,,,
101,风茄的根,药品材料,30,万灵药,10,毒性材料,0,中和剂,50,怪物素材,10,3,6,模样可爱的植物之根。/据说拔起它，就会发出凄厉的惨叫声，但那完全是谣传。/它发出惨叫声，是在用捣药钵研磨成材料之时。,有着可爱模样的植物之根。会发出悲鸣。,"GET_NO(""特性"", ""春药的原料"")"
102,臭气石,中和剂,50,毒性材料,30,香料,20,矿石类,5,,,5,9,,,
103,蛇的毒囊,中和剂,50,毒性材料,50,药品材料,10,怪物素材,25,,,6,15,蛇的脏器之一。/主要功能是储存有毒成分，/另外也有许多不纯物质混杂其中。/立志要当炼金术士的人，/在处理这样血腥恶心的东西时，也要心平静气才行。,,
104,黑之魔石,中和剂,50,毒性材料,75,宝石类,60,矿石类,70,,,10,47,,,
105,迷幻菇的孢子,中和剂,50,毒性材料,55,药品材料,70,,,,,6,72,异常鲜艳的蘑菇孢子。没有毒性，/不小心吸进身体里也无大碍。/只不过一开始会有些头晕，随后莫名地精神振奋而已。,,
121,肥料,中和剂,50,香料,10,燃料,10,,,,,1,2,,,
122,芬芳虫,中和剂,50,香料,90,,,,,,,8,56,,,
123,熏木的树皮,中和剂,50,香料,70,植物类,55,,,,,8,60,,,
141,噗尼噗尼珠,中和剂,50,食材：肉,0,药品材料,0,怪物素材,0,,,1,2,,,
142,不知名的蛋,中和剂,50,食材：肉,60,燃料,50,,,,,4,11,偶尔会掉在山上或森林里的蛋。/谁都不知道会生出什么东西。/不知为何，带回去孵化绝对会失败。/由于味道美妙出众，有勇气的人请务必品尝一次看看。,,
143,带骨兽肉,中和剂,50,食材：肉,50,怪物素材,20,,,,,3,6,,,
144,石化蜥蜴,中和剂,50,矿石类,55,毒性材料,70,食材：肉,20,,,7,57,蜥蜴的化石。/观察这个化石能发现，从很早以前开始，蜥蜴就已经长的跟现在的形状一样。/年代越古老，形状越清晰的化石，/作为数据的价值就越高。,,
145,硬螺贝,中和剂,50,食材：肉,70,,,,,,,5,30,,,
146,龙肉,中和剂,50,食材：肉,100,调味料,50,怪物素材,90,,,10,44,,,
161,岩盐,中和剂,50,调味料,20,矿石类,20,,,,,1,2,,,
181,水,中和剂,50,液体,0,,,,,,,1,1,透明，无臭无味的液体。无论是谁，都应该喝过。/虽然由于太贴近日常生活，而容易忘记它有多么宝贵，/但要是少了它，人类很轻易就会灭亡了。,,
182,夏利欧鲜奶,中和剂,50,液体,50,调味料,40,,,,,3,13,,,
183,起泡水,中和剂,50,液体,75,,,,,,,5,12,,,
184,森林甘露,中和剂,50,液体,90,神秘之力,70,,,,,9,91,,,
185,黑暗水滴,中和剂,50,液体,70,万灵药,80,,,,,10,91,,,
186,湖底的沉积物,中和剂,50,液体,60,燃料,85,火药,80,,,10,67,囤积于湖底滑嫩的泥巴。/除了沙和土之外，还含有许多分解得很细密的生物尸体及微生物。/成分会依据采集地点而整体改变，让人十分深感兴趣。,,
201,燃素,中和剂,50,火药,20,,,,,,,2,3,含有易燃成分的红褐色结晶。/用硬物敲打它，就会散发大量的火花。/由于很耐湿气和防水，运送也很方便，/因此不论是从冒险者到主妇，它都深受各领域人士的喜爱并利用。,,
202,可燃之砂,中和剂,50,火药,65,,,,,,,4,16,带有微微热度的土。/据说是古代植物的化石，或是油受到浓缩而固态化之物，但详情不明。/由于一旦着火就会长时间持续燃烧，/故被拿来当成燃料利用。,,
203,熔岩石,中和剂,50,火药,90,矿石类,70,宝石类,65,,,10,123,,,
221,碎石,中和剂,50,万灵药,0,矿石类,0,,,,,1,1,毫无任何特别之处，只是普通的碎石。/但找出这样碎石的价值才算得上是真正的炼金术士。/它潜藏着只要耐心地去加工，就会变化成各种物品的无限可能性……也说不定。,,
241,弹跳石,中和剂,50,矿石类,10,神秘之力,10,,,,,3,5,像皮球一样，又软又有弹性的石头。/丢向地面会反弹起来。/其特性被视为新的素材，备受瞩目。/此外，也是孩子们爱不释手的玩具。,,
242,地球仪的珠子,中和剂,50,神秘之力,0,怪物素材,20,,,,,6,10,,,
243,人鱼之泪,中和剂,50,神秘之力,30,宝石类,60,,,,,5,64,,,
244,梨形宝石,中和剂,50,神秘之力,50,宝石类,30,怪物素材,40,,,7,18,,,
245,星之碎片,中和剂,50,神秘之力,55,矿石类,65,宝石类,35,,,7,40,,,
246,世界灵魂,中和剂,50,神秘之力,100,,,,,,,10,78,,,
261,神秘宝石的原石,中和剂,50,宝石类,0,,,,,,,7,30,,,
262,美丽贝壳,中和剂,50,宝石类,20,,,,,,,3,24,,,
263,湛蓝色的翅膀,中和剂,50,宝石类,90,,,,,,,9,76,受到光照会反射七彩光辉的翅膀。/被认为是虫的翅膀，不过亚兰德至今尚未发现带有这种翅膀的虫。/只能不时在路边发现翅膀掉落。,,
281,费斯特石,中和剂,50,矿石类,15,,,,,,,1,2,用比沙子还细的粒子固定而成的矿物。/由于它脆弱到靠空手就能弄碎，故加工起来很轻松，/但在保存上得稍微费点心思。/它经常拿来作为研磨剂的材料等等。,,
282,蒸馏石,中和剂,50,矿石类,30,,,,,,,2,5,,,"GET_NO(""特性"", ""轻量化"")"
283,树冰石,中和剂,50,矿石类,35,,,,,,,3,12,随时散发寒气的神奇石头。/在这颗石头的周围，可以看到一整年的降霜或残留雪之结晶的情景。/在夏天时，一个家庭有一颗就会非常有帮助。,,
284,碧蓝星砂,中和剂,50,矿石类,45,,,,,,,3,13,闪耀蓝光的星砂。/自然形成的星型已让人感到惊艳，/砂里甚至还蕴含了海洋的蔚蓝，堪称是自然奥秘的结晶。/作为调合材料或送人的土产都很受欢迎。,,
285,震动结晶,中和剂,50,矿石类,50,宝石类,10,,,,,4,9,,,
286,史提姆钢石,中和剂,50,矿石类,55,,,,,,,2,7,跟称为史提姆钢的板状矿物结合的团块。/比铁硬，极为沉重是其特征。/光是手掌般的大小，重量就跟人类的小孩子一样，/换作是体积大的甚至可能超过几百公斤。,,
287,重力石,中和剂,50,矿石类,60,神秘之力,35,,,,,6,16,传言说是地球外的物质，具干涉重力之力的石头。/以现在的技术无法完全引出它的力量，/另外要是能引出力量，谁也无法预测会发生怎样的事态。,,
288,钢铁矿,中和剂,50,矿石类,75,,,,,,,8,34,,,
289,幽明石,中和剂,50,矿石类,85,宝石类,70,神秘之力,80,,,9,36,,,
290,黑阳矿,中和剂,50,矿石类,80,宝石类,50,,,,,9,51,,,
291,彩虹碎片,中和剂,50,毒性材料,60,神秘之力,60,矿石类,90,,,10,145,,,
292,发光的圆盘,中和剂,50,矿石类,40,,,,,,,10,16,,,
361,锁链蜘蛛的巢,中和剂,50,丝线素材,60,火药,0,,,,,4,10,,,
362,软毛,中和剂,50,丝线素材,45,怪物素材,20,,,,,4,6,,,
363,云棉花,中和剂,50,丝线素材,30,植物,55,燃料,40,,,3,8,,,
364,飞鹰的尾羽,神秘之力,5,丝线素材,15,中和剂,50,怪物素材,10,,,3,11,鸟型怪物飞鹰的尾羽。/它比一般的鸟羽还大且更为沉重。/飞鹰换毛的速度非常快，所以就算不必直接从尾巴拔，/也常看到羽毛掉在地上。,,"GET_NO(""特性"", ""耐用的"")"
365,龙鳞片,中和剂,50,丝线素材,90,神秘之力,70,怪物素材,100,,,9,68,,,
366,药虫的丝,中和剂,50,丝线素材,100,火药,40,药材,40,怪物素材,80,10,124,,,
