萝乐娜_通常,Rorona-portraits.webp,2,2,1024,1152
萝乐娜_笑,Rorona-portraits.webp,1028,2,1024,1152
萝乐娜_怒,Rorona-portraits.webp,2054,2,1024,1152
萝乐娜_悲,Rorona-portraits.webp,2,1156,1024,1152
萝乐娜_泣,Rorona-portraits.webp,1028,1156,1024,1152
萝乐娜_照,Rorona-portraits.webp,2054,1156,1024,1152
萝乐娜_惊,Rorona-portraits.webp,2,2310,1024,1152
萝乐娜_困,Rorona-portraits.webp,1028,2310,1024,1152
萝乐娜_真剑,Rorona-portraits.webp,2054,2310,1024,1152
萝乐娜_呆,Rorona-portraits.webp,2,3464,1024,1152
萝乐娜_特殊1,Rorona-portraits.webp,1028,3464,1024,1152
萝乐娜_特殊2,Rorona-portraits.webp,2054,3464,1024,1152
;,Rorona-portraits.webp,2,4618,1024,1152
;,Rorona-portraits.webp,1028,4618,1024,1152
;,Rorona-portraits.webp,2054,4618,1024,1152
;,Rorona-portraits.webp,2,5772,1024,1152
;,Rorona-portraits.webp,1028,5772,1024,1152
;,Rorona-portraits.webp,2054,5772,1024,1152
;,,,,,
亚斯特丽德_通常,Astrid-portraits.webp,2,2,1024,1152
亚斯特丽德_笑,Astrid-portraits.webp,1028,2,1024,1152
亚斯特丽德_怒,Astrid-portraits.webp,2054,2,1024,1152
亚斯特丽德_寝,Astrid-portraits.webp,2,1156,1024,1152
亚斯特丽德_悲,Astrid-portraits.webp,1028,1156,1024,1152
亚斯特丽德_照,Astrid-portraits.webp,2054,1156,1024,1152
亚斯特丽德_惊,Astrid-portraits.webp,2,2310,1024,1152
亚斯特丽德_困,Astrid-portraits.webp,1028,2310,1024,1152
亚斯特丽德_微笑,Astrid-portraits.webp,2054,2310,1024,1152
;,,,,,
霍姆弟弟_通常,Hom-portraits.webp,2,2,1024,1152
霍姆弟弟_怒,Hom-portraits.webp,1028,2,1024,1152
霍姆弟弟_悲,Hom-portraits.webp,2054,2,1024,1152
霍姆弟弟_微笑,Hom-portraits.webp,3080,2,1024,1152
;,Hom-portraits.webp,4106,2,1024,1152
;,Hom-portraits.webp,5132,2,1024,1152
;,Hom-portraits.webp,6158,2,1024,1152
霍姆妹妹_通常,Hom-portraits.webp,2,1156,1024,1152
霍姆妹妹_怒,Hom-portraits.webp,1028,1156,1024,1152
霍姆妹妹_悲,Hom-portraits.webp,2054,1156,1024,1152
霍姆妹妹_微笑,Hom-portraits.webp,3080,1156,1024,1152
;,Hom-portraits.webp,4106,1156,1024,1152
;,Hom-portraits.webp,5132,1156,1024,1152
;,Hom-portraits.webp,6158,1156,1024,1152
;,,,,,
库蝶莉娅_通常,Cordelia-portraits.webp,2,2,1024,1152
库蝶莉娅_笑,Cordelia-portraits.webp,1028,2,1024,1152
库蝶莉娅_怒,Cordelia-portraits.webp,2054,2,1024,1152
库蝶莉娅_悲,Cordelia-portraits.webp,3080,2,1024,1152
库蝶莉娅_泣,Cordelia-portraits.webp,4106,2,1024,1152
库蝶莉娅_照,Cordelia-portraits.webp,2,1156,1024,1152
库蝶莉娅_惊,Cordelia-portraits.webp,1028,1156,1024,1152
库蝶莉娅_困,Cordelia-portraits.webp,2054,1156,1024,1152
库蝶莉娅_真剑,Cordelia-portraits.webp,3080,1156,1024,1152
库蝶莉娅_呆,Cordelia-portraits.webp,4106,1156,1024,1152
;,,,,,
里欧涅菈_通常,Lionela-portraits.webp,2,2,1024,1152
里欧涅菈_笑,Lionela-portraits.webp,1028,2,1024,1152
里欧涅菈_怒,Lionela-portraits.webp,2054,2,1024,1152
里欧涅菈_悲,Lionela-portraits.webp,3080,2,1024,1152
里欧涅菈_泣,Lionela-portraits.webp,4106,2,1024,1152
里欧涅菈_照,Lionela-portraits.webp,2,1156,1024,1152
里欧涅菈_惊,Lionela-portraits.webp,1028,1156,1024,1152
里欧涅菈_困,Lionela-portraits.webp,2054,1156,1024,1152
里欧涅菈_真剑,Lionela-portraits.webp,3080,1156,1024,1152
里欧涅菈_微笑,Lionela-portraits.webp,4106,1156,1024,1152
;,,,,,
伊克赛尔_通常,Iksel-portraits.webp,2,2,1024,1152
伊克赛尔_笑,Iksel-portraits.webp,1028,2,1024,1152
伊克赛尔_怒,Iksel-portraits.webp,2054,2,1024,1152
伊克赛尔_悲,Iksel-portraits.webp,2,1156,1024,1152
伊克赛尔_照,Iksel-portraits.webp,1028,1156,1024,1152
伊克赛尔_惊,Iksel-portraits.webp,2054,1156,1024,1152
伊克赛尔_困,Iksel-portraits.webp,2,2310,1024,1152
伊克赛尔_真剑,Iksel-portraits.webp,1028,2310,1024,1152
伊克赛尔_呆,Iksel-portraits.webp,2054,2310,1024,1152
;,,,,,
史特尔克_通常,Sterkenburg-portraits.webp,2,2,1024,1152
史特尔克_怒,Sterkenburg-portraits.webp,1028,2,1024,1152
史特尔克_悲,Sterkenburg-portraits.webp,2054,2,1024,1152
史特尔克_照,Sterkenburg-portraits.webp,3080,2,1024,1152
史特尔克_惊,Sterkenburg-portraits.webp,2,1156,1024,1152
史特尔克_困,Sterkenburg-portraits.webp,1028,1156,1024,1152
史特尔克_呆,Sterkenburg-portraits.webp,2054,1156,1024,1152
史特尔克_微笑,Sterkenburg-portraits.webp,3080,1156,1024,1152
;,,,,,
坦特里斯_通常,Tantris-portraits.webp,2,2,1024,1152
坦特里斯_笑,Tantris-portraits.webp,1028,2,1024,1152
坦特里斯_怒,Tantris-portraits.webp,2054,2,1024,1152
坦特里斯_悲,Tantris-portraits.webp,3080,2,1024,1152
坦特里斯_惊,Tantris-portraits.webp,2,1156,1024,1152
坦特里斯_真剑,Tantris-portraits.webp,1028,1156,1024,1152
坦特里斯_呆,Tantris-portraits.webp,2054,1156,1024,1152
坦特里斯_特殊1,Tantris-portraits.webp,3080,1156,1024,1152
;,,,,,
吉欧_通常,Ludwig-portraits.webp,2,2,1024,1152
吉欧_笑,Ludwig-portraits.webp,1028,2,1024,1152
吉欧_怒,Ludwig-portraits.webp,2054,2,1024,1152
吉欧_悲,Ludwig-portraits.webp,3080,2,1024,1152
吉欧_惊,Ludwig-portraits.webp,2,1156,1024,1152
吉欧_困,Ludwig-portraits.webp,1028,1156,1024,1152
吉欧_微笑,Ludwig-portraits.webp,2054,1156,1024,1152
;,Ludwig-portraits.webp,3080,1156,1024,1152
;,Ludwig-portraits.webp,2,2310,1024,1152
;,Ludwig-portraits.webp,1028,2310,1024,1152
;,Ludwig-portraits.webp,2054,2310,1024,1152
;,,,,,
帕梅拉_通常,Pamela-portraits.webp,1,21,768,768
帕梅拉_笑,Pamela-portraits.webp,770,21,768,768
帕梅拉_怒,Pamela-portraits.webp,1539,21,768,768
帕梅拉_悲,Pamela-portraits.webp,2308,21,768,768
帕梅拉_照,Pamela-portraits.webp,1,790,768,768
帕梅拉_惊,Pamela-portraits.webp,770,790,768,768
帕梅拉_困,Pamela-portraits.webp,1539,790,768,768
;,,,,,
蒂华娜_通常,Tiffani-portraits.webp,2,2,1024,1152
蒂华娜_微笑,Tiffani-portraits.webp,1028,2,1024,1152
蒂华娜_怒,Tiffani-portraits.webp,2054,2,1024,1152
蒂华娜_悲,Tiffani-portraits.webp,3080,2,1024,1152
蒂华娜_惊,Tiffani-portraits.webp,4106,2,1024,1152
蒂华娜_真剑,Tiffani-portraits.webp,2,1156,1024,1152
蒂华娜_特殊,Tiffani-portraits.webp,1028,1156,1024,1152
;,Tiffani-portraits.webp,2054,1156,1024,1152
;,Tiffani-portraits.webp,3080,1156,1024,1152
;,Tiffani-portraits.webp,4106,1156,1024,1152
;,,,,,
艾丝缇_通常,Esty-portraits.webp,2,2,1024,1152
艾丝缇_笑,Esty-portraits.webp,1028,2,1024,1152
艾丝缇_怒,Esty-portraits.webp,2054,2,1024,1152
艾丝缇_悲,Esty-portraits.webp,2,1156,1024,1152
艾丝缇_惊,Esty-portraits.webp,1028,1156,1024,1152
艾丝缇_困,Esty-portraits.webp,2054,1156,1024,1152
艾丝缇_真剑,Esty-portraits.webp,2,2310,1024,1152
艾丝缇_真剑麦,Esty-portraits.webp,1028,2310,1024,1152
艾丝缇_笑麦,Esty-portraits.webp,2054,2310,1024,1152
艾丝缇_惊麦,Esty-portraits.webp,2,3464,1024,1152
艾丝缇_怒麦,Esty-portraits.webp,1028,3464,1024,1152
;,Esty-portraits.webp,2054,3464,1024,1152
;,Esty-portraits.webp,2,4618,1024,1152
;,Esty-portraits.webp,1028,4618,1024,1152
;,Esty-portraits.webp,2054,4618,1024,1152
;,Esty-portraits.webp,2,5772,1024,1152
;,Esty-portraits.webp,1028,5772,1024,1152
;,Esty-portraits.webp,2054,5772,1024,1152
;,,,,,
光格尔_通常,Hagel-portraits.webp,2,2,1024,1152
光格尔_笑,Hagel-portraits.webp,1028,2,1024,1152
光格尔_怒,Hagel-portraits.webp,2054,2,1024,1152
光格尔_悲,Hagel-portraits.webp,3080,2,1024,1152
光格尔_惊,Hagel-portraits.webp,2,1156,1024,1152
光格尔_真剑,Hagel-portraits.webp,1028,1156,1024,1152
;,Hagel-portraits.webp,2054,1156,1024,1152
;,Hagel-portraits.webp,3080,1156,1024,1152
;,Hagel-portraits.webp,2,2310,1024,1152
;,Hagel-portraits.webp,1028,2310,1024,1152
;,Hagel-portraits.webp,2054,2310,1024,1152
;,Hagel-portraits.webp,3080,2310,1024,1152
;,Hagel-portraits.webp,2,3464,1024,1152
;,Hagel-portraits.webp,1028,3464,1024,1152
;,Hagel-portraits.webp,2054,3464,1024,1152
;,Hagel-portraits.webp,3080,3464,1024,1152
;,Hagel-portraits.webp,2,4618,1024,1152
;,Hagel-portraits.webp,1028,4618,1024,1152
