艾丝缇_normal,头像_艾丝缇.webp,0,0,128,128
艾丝缇_blush,头像_艾丝缇.webp,128,0,128,128
艾丝缇_angry,头像_艾丝缇.webp,256,0,128,128
艾丝缇_sad,头像_艾丝缇.webp,384,0,128,128
蒂华娜_normal,头像_蒂华娜.webp,0,0,128,128
蒂华娜_blush,头像_蒂华娜.webp,128,0,128,128
蒂华娜_angry,头像_蒂华娜.webp,256,0,128,128
蒂华娜_sad,头像_蒂华娜.webp,384,0,128,128
光格尔_normal,头像_光格尔.webp,0,0,128,128
光格尔_blush,头像_光格尔.webp,128,0,128,128
光格尔_angry,头像_光格尔.webp,256,0,128,128
光格尔_sad,头像_光格尔.webp,384,0,128,128
霍姆弟弟_normal,头像_霍姆弟弟.webp,0,0,128,128
霍姆弟弟_blush,头像_霍姆弟弟.webp,128,0,128,128
霍姆弟弟_angry,头像_霍姆弟弟.webp,256,0,128,128
霍姆弟弟_sad,头像_霍姆弟弟.webp,384,0,128,128
霍姆妹妹_normal,头像_霍姆妹妹.webp,0,0,128,128
霍姆妹妹_blush,头像_霍姆妹妹.webp,128,0,128,128
霍姆妹妹_angry,头像_霍姆妹妹.webp,256,0,128,128
霍姆妹妹_sad,头像_霍姆妹妹.webp,384,0,128,128
吉欧_normal,头像_吉欧.webp,0,0,128,128
吉欧_blush,头像_吉欧.webp,128,0,128,128
吉欧_angry,头像_吉欧.webp,256,0,128,128
吉欧_sad,头像_吉欧.webp,384,0,128,128
库蝶莉娅_normal,头像_库蝶莉娅.webp,0,0,128,128
库蝶莉娅_blush,头像_库蝶莉娅.webp,128,0,128,128
库蝶莉娅_angry,头像_库蝶莉娅.webp,256,0,128,128
库蝶莉娅_sad,头像_库蝶莉娅.webp,384,0,128,128
里欧涅菈_normal,头像_里欧涅菈.webp,0,0,128,128
里欧涅菈_blush,头像_里欧涅菈.webp,128,0,128,128
里欧涅菈_angry,头像_里欧涅菈.webp,256,0,128,128
里欧涅菈_sad,头像_里欧涅菈.webp,384,0,128,128
萝乐娜_normal,头像_萝乐娜.webp,0,0,128,128
萝乐娜_blush,头像_萝乐娜.webp,128,0,128,128
萝乐娜_angry,头像_萝乐娜.webp,256,0,128,128
萝乐娜_sad,头像_萝乐娜.webp,384,0,128,128
帕梅拉_normal,头像_帕梅拉.webp,0,0,128,128
帕梅拉_blush,头像_帕梅拉.webp,128,0,128,128
帕梅拉_angry,头像_帕梅拉.webp,256,0,128,128
帕梅拉_sad,头像_帕梅拉.webp,384,0,128,128
史特尔克_normal,头像_史特尔克.webp,0,0,128,128
史特尔克_blush,头像_史特尔克.webp,128,0,128,128
史特尔克_angry,头像_史特尔克.webp,256,0,128,128
史特尔克_sad,头像_史特尔克.webp,384,0,128,128
坦特里斯_normal,头像_坦特里斯.webp,0,0,128,128
坦特里斯_blush,头像_坦特里斯.webp,128,0,128,128
坦特里斯_angry,头像_坦特里斯.webp,256,0,128,128
坦特里斯_sad,头像_坦特里斯.webp,384,0,128,128
亚斯特丽德_normal,头像_亚斯特丽德.webp,0,0,128,128
亚斯特丽德_blush,头像_亚斯特丽德.webp,128,0,128,128
亚斯特丽德_angry,头像_亚斯特丽德.webp,256,0,128,128
亚斯特丽德_sad,头像_亚斯特丽德.webp,384,0,128,128
伊克赛尔_normal,头像_伊克赛尔.webp,0,0,128,128
伊克赛尔_blush,头像_伊克赛尔.webp,128,0,128,128
伊克赛尔_angry,头像_伊克赛尔.webp,256,0,128,128
伊克赛尔_sad,头像_伊克赛尔.webp,384,0,128,128