1,ショップコマンド
2,プレイ時間
3,プレイ開始時間
4,進行中イベント
5,イベント内分岐

10,補充情報
11,イベント発生済み

20,現地点

30,冒険者ランク
31,調教師EXP
32,ギルドポイント
33,ギルドランク
34,累計報酬額

40,アーティファクト入手カウンター

80,引き継ぎギルドポイント
81,引き継ぎ特典ポイント

90,オートセーブ実施日

100,オート送り
101,ウィンドウメッセージスキップ
102,マウスモード
103,メッセージ加速係数

110,ショートカット0
111,ショートカット1
112,ショートカット2
113,ショートカット3
114,ショートカット4
115,ショートカット5
116,ショートカット6
117,ショートカット7
118,ショートカット8
119,ショートカット9
120,ショートカット10
121,ショートカット11
122,ショートカット12
123,ショートカット13
124,ショートカット14
125,ショートカット15
126,ショートカット16
127,ショートカット17
128,ショートカット18
129,ショートカット19

200,材料Lvアップ
201,材料品質アップ
202,材料獲得数アップ
203,材料カオス化

300,納金済み
301,エンディング指定

998,地図全表示
999,DEBUG
1000,調教コマンド表示モード