;0|499 ƒ^[ƒ“Jn‚ΙƒƒZƒbƒg


;400-499, l“ΎEXP‹L^
;900-999 l“ΎEXP‹L^
10,‘Μ—ΝΑ”οyΈ
11,_”ι‚Μ—μ–ς

101,δS“ΰΛΈ—Κ
102,l“ΎΛ‘¶“x

110,l“Ύ‹κ’Ισ
111,l“Ύ‰υyσ
112,l“Ύ‹ό•σ
113,l“Ύ”½”­σ
119,‹ό•σl“Ύθ’i

120,—~–]γΈ

200,ΛΈ
201,•¬“ϋ

220,”ν‘}“ό
221,ƒyƒjƒXg—p‘ΞΫ
222,‘}“όp‘±

231,ƒZƒbƒNƒX‚ΕΛΈ

300,—‘rΈ
301,‰‘}“ό
302,‰”ν‘}“ό
303,ƒtƒ@[ƒXƒgƒLƒX
304,‰β’Έ
305,‰‚bβ’Έ
306,‰‚uβ’Έ
307,‰‚`β’Έ
308,‰‚aβ’Έ
309,‰ΛΈ
310,‰δS“ΰΛΈ
311,‰”νΛΈ
312,‰”νδS“ΰΛΈ

400,l“ΎEXP

;500-999 ’²‹³Jn‚ΙƒƒZƒbƒg
500,ξ¤‰ΑZ‰ρ”
501,‹κ’Ι‰ΑZ‰ρ”
510,’²‹³’†l“Ύ‹κ’Ισ
511,’²‹³’†l“Ύ‰υyσ
512,’²‹³’†l“Ύ‹ό•σ
513,’²‹³’†l“Ύ”½”­σ
519,’²‹³’†‹ό•σl“Ύθ’i
602,—έvl“ΎΛ‘¶“x

620,’²‹³“ο“x

700,—‘rΈ_΅‰ρ
701,‰‘}“ό_΅‰ρ
702,‰”ν‘}“ό_΅‰ρ
703,ƒtƒ@[ƒXƒgƒLƒX_΅‰ρ
704,‰β’Έ_΅‰ρ
705,‰‚bβ’Έ_΅‰ρ
706,‰‚uβ’Έ_΅‰ρ
707,‰‚`β’Έ_΅‰ρ
708,‰‚aβ’Έ_΅‰ρ
709,‰ΛΈ_΅‰ρ
710,‰δS“ΰΛΈ_΅‰ρ
711,‰”νΛΈ_΅‰ρ
712,‰”νδS“ΰΛΈ_΅‰ρ

800,”ζJ΄–ƒαƒ
801,”ζJ΄‘‰Α

900,—έvl“ΎEXP

;1000 - 1199 Chain‰πΑ‚ΙƒƒZƒbƒg
1003,ξ¤’Η‰Α
1004,‹ό]’Η‰Α
1005,γ“_“Αψ
1006,A½“Αψ
1007,“Ή‹ο“Αψ
1020,S‘©
1021,’οR—Ν’Dζ
1040,θ‹Z‹­‰»
1041,ϋ‹Z‹­‰»
1042,«π‹­‰»
1043,‰Α‹s‹­‰»
1044,”ν‹s‹­‰»
1045,—Uf‹­‰»

1050,‘Μ—ΝΑ–Υ
1051,‹C—ΝΑ”οyΈ

1100,A½’†l“Ύ‹κ’Ι

;1200-1399 κ’θƒ^[ƒ“‘±
1200,‹»•±ά
1201,›Z–ς
1202,‘½K΄
1203,’E—Ν‚·‚ι‚θ
1204,—‚Ώ’…‚­‚θ
1205,‘Μ—Νp‘±‰ρ•
1206,‹C—Νp‘±‰ρ•
1207,—}TyΈ
1208,”j–Ε“I‚Θ‰ΉF
1209,γY—ν‚Θ‰ΉF
1210,―”\“I‚Θ‰ΉF

1300,‹»•±ά‘±
1301,›Z–ς‘±
1302,‘½K΄‘±
1303,’E—Ν‚·‚ι‚θ‘±
1304,—‚Ώ’…‚­‚θ‘±
1305,‘Μ—Νp‘±‰ρ•‘±
1306,‹C—Νp‘±‰ρ•‘±
1307,—}TyΈ‘±
1308,”j–Ε“I‚Θ‰ΉF‘±
1309,γY—ν‚Θ‰ΉF‘±
1310,―”\“I‚Θ‰ΉF‘±
