/,,,,,,,,,,,,,,,,,,,,,,,,,,,,,,,,,,,,,,,,,,,,,,,,
,,,,,,,,,,,,,,,,,,,,,,,,,,,,,,00,,,,,,,,,,,,,,,,,,
,,,,,,,,,,,,,,,,,,,,,,,,,,,,,,│,,,,,,,,,,,,,,,,,,
,,,,,,,,,,,,,,,,,,,,,,,,,,,,,,│,,,,,,,,,,,,,,,,,,
,,,,,,,,,,,,,,,,,,,,,,,,,,,,,,│,,,,,,,,,,,,,01,,,,,
,,,,,,,,,,,,,,,,,,,,,,,,02,─,─,─,─,─,03,─,─,─,─,64,─,─,─,─,04,,,│,,,,,
,,,,,,,,,,,,,,,,,,,,,,,,│,,,,,,,,,,,│,,,,,│,,,│,,,,,
,,,,,,,,,,,,,,,,,05,─,─,06,─,─,─,65,,,,,66,─,07,─,─,─,67,,,,,68,─,─,69,─,─,─,08,
,,,,,,,,,,,,,,09,,,,,,,,,,│,,,,,│,,,,,,│,,,,,│,,,,,,,│,
,,,,,,,,,,,,,,│,,,,,,,,,,│,,,,,0A,─,─,0B,,,│,,,,,0C,,,,,,,│,
,,,,,,,,,,,,,,│,,,,,,,,,,│,,,,,,,,│,,,│,,,,,│,,,,,,,│,
,,,,,,,,,,,,,,6A,─,─,─,0D,─,─,─,─,─,6B,─,0E,─,─,0F,─,─,10,─,─,6C,─,11,─,─,6D,,,,,,,12,
,,,,,,,,,,,,,,│,,,,│,,,,,,,,,,,,,,│,,,,,,,,│,,,,,,,│,
,,,,,,,,,,,,,,│,,,,│,,,,,,,,,,,,,,│,,,,,,,,│,,,,,,,│,
,,,,,,,,,,,,,,13,,,,│,,,,,,,,,,,,,,│,,,,,,,,│,,,,,,,14,
,,,,,,,,,,,,,,│,,,,15,─,─,16,,17,─,─,18,─,─,19,─,─,1A,─,1B,─,1C,─,─,─,1D,,,,,,,│,
,,,,,,,,,,,,,,│,,,,,,,│,,,,,,,,│,,,│,,,,,,,,│,,,,,,,│,
,,,,,,,,,,,,,,│,,,,,,,│,,,,,,,,│,,,│,,,,,,,,│,,,,,,,1E,
,,,,,,,,,,,,,,1F,,,,,,,│,,,,,,,,│,,,│,,,,,,,,│,,,,,,,│,
,,,,,,,,,,,,,,│,,,,,,,6E,─,─,─,20,─,─,─,21,─,─,22,─,─,─,70,─,─,─,23,─,─,─,─,─,─,24,
,,,,,,,,,,25,─,─,─,6F,,,,,,,│,,,,,,,,,,,│,,,,│,,,,,,,,,,,,
,,,,,,,,,,│,,,,,,,,,,,│,,,,,,,,,,,│,,,,│,,,,,,,,,,,,
,,,,,,,,,,│,,,,,,,,,,,│,,,,,,,,,,,│,,,,│,,,,,,,,,,,,
,,,26,─,─,27,─,─,─,71,─,─,28,─,72,─,29,─,─,─,2A,─,─,─,─,─,2B,─,─,─,─,2C,─,─,─,2D,,,,,,,,,,,,
,,,│,,,,,,,│,,,,,│,,,,,,│,,,,,,,,,,,,,,,,,,,,,,,,,,,
,30,─,73,─,─,─,2E,─,─,2F,,31,─,─,32,─,─,─,33,─,34,─,─,35,─,─,─,36,,,,,,,,,,,,,,,,,,,,
,│,,,,,,,,,│,,│,,,,,,,│,,,,,,,,,│,,,,,,,,,,,,,,,,,,,,
,│,,,,,,,,,37,─,74,,,,,,,│,,,,,,,,,│,,,,,,,,,,,,,,,,,,,,
,│,,,,,,,,,,,,,,,38,─,─,39,,,,,,,,,│,,,,,,,,,,,,,,,,,,,,
,3A,,,,,,,,,,,,,,,,,,,,,,,,,,,3B,,,,,,,,,,,,,,,,,,,,
,│,,,,,,,,,,,,,,,,,,,,,,,,,,,,,,,,,,,,,,,,,,,,,,,
,│,,,,,,,,,,,,,,,,,,,,,,,,,,,,,,,,,,,,,,,,,,,,,,,
,75,─,76,,,,,,,,,,,,,,,,,,,,,,,,,,,,,,,,,,,,,,,,,,,,,
,,,│,,,,,,,,,,,,,,,,,,,,,,,,,,,,,,,,,,,,,,,,,,,,,
,,,│,,,,,,,,,,,,,,,,,,,,,,,,,,,,,,,,,,,,,,,,,,,,,
,,,3C,,,,,,,,,,,,,,,,,,,,,,,,,,,,,,,,,,,,,,,,,,,,,
,,,│,,,,,,,,,,,,,,,,,,,,,,,,,,,,,,,,,,,,,,,,,,,,,
,,,│,,,,,,,,,,,,,,,,,,,,,,,,,,,,,,,,,,,,,,,,,,,,,
,,,│,,,,,,,,,,,,,,,,,,,,,,,,,,,,,,,,,,,,,,,,,,,,,
,,,3D,,,,,,,,,,,,,,,,,,,,,,,,,,,,,,,,,,,,,,,,,,,,,
,,,,,,,,,,,,,,,,,,,,,,,,,,,,,,,,,,,,,,,,,,,,,,,,/
